id,first_name,last_name,email,gender,ip_address
1,Gerry,Flaunier,gflaunier0@ucsd.edu,Female,246.96.197.147
2,Georgi,Rickard,grickard1@cafepress.com,Male,166.73.44.254
3,Nanice,Dobbson,ndobbson2@tamu.edu,Female,252.224.44.105
4,Jammie,Dunbobbin,jdunbobbin3@businessinsider.com,Female,168.101.238.21
5,Ulric,Anetts,uanetts4@chronoengine.com,Male,194.9.163.49
6,Teodorico,O'Mahoney,tomahoney5@people.com.cn,Male,131.6.128.18
7,Jecho,Geri,jgeri6@yahoo.co.jp,Genderfluid,72.49.39.226
8,Chad,O'Dowd,codowd7@omniture.com,Male,171.218.24.117
9,Em,Verden,everden8@prnewswire.com,Agender,127.66.153.157
10,Sharron,McPartlin,smcpartlin9@google.ru,Female,223.97.178.88
11,Read,Wisson,rwissona@blogtalkradio.com,Male,136.239.254.186
12,Tiffi,Taks,ttaksb@nydailynews.com,Female,163.220.109.71
13,Mattheus,Seleway,mselewayc@hhs.gov,Male,217.40.49.158
14,Cross,Jopling,cjoplingd@surveymonkey.com,Male,154.147.229.179
15,Alfred,Domeny,adomenye@gov.uk,Non-binary,196.186.34.96
16,Terrel,Bartrum,tbartrumf@thetimes.co.uk,Male,33.238.33.239
17,Ingaborg,Strauss,istraussg@jugem.jp,Female,243.183.13.217
18,Riccardo,Pinkstone,rpinkstoneh@nationalgeographic.com,Genderqueer,215.21.213.50
19,Hew,Grundey,hgrundeyi@omniture.com,Male,140.190.244.21
20,Meade,Cassius,mcassiusj@wp.com,Male,52.139.104.165
21,Avril,Hovel,ahovelk@google.co.jp,Female,194.136.56.140
22,Francesca,Runcieman,frunciemanl@microsoft.com,Female,236.245.25.236
23,Tomasine,MacDirmid,tmacdirmidm@arizona.edu,Female,150.173.191.201
24,King,Grain,kgrainn@plala.or.jp,Male,14.75.43.156
25,Jerrome,Amesbury,jamesburyo@icio.us,Male,171.223.237.121
26,Mallorie,Zukierman,mzukiermanp@hostgator.com,Female,181.151.3.212
27,Isaiah,Littlemore,ilittlemoreq@home.pl,Male,60.172.157.97
28,Ardene,Heiden,aheidenr@furl.net,Female,10.74.58.97
29,Jaime,Stove,jstoves@opera.com,Male,134.66.116.129
30,Kennie,Gilliver,kgillivert@accuweather.com,Male,255.169.136.185
31,Neddie,Wheal,nwhealu@mapy.cz,Male,12.209.191.23
32,Dorine,Darey,ddareyv@slate.com,Female,28.108.215.92
33,Odilia,Carlesso,ocarlessow@hibu.com,Female,148.53.83.246
34,Chicky,Samme,csammex@instagram.com,Agender,58.41.82.57
35,Kanya,Avey,kaveyy@spotify.com,Female,191.122.169.149
36,Helli,Bercher,hbercherz@uiuc.edu,Female,228.61.118.128
37,Yurik,Colson,ycolson10@godaddy.com,Male,8.183.129.198
38,Leigh,Bartlomiejczyk,lbartlomiejczyk11@privacy.gov.au,Female,43.178.209.44
39,Anton,Weeden,aweeden12@businessweek.com,Male,39.1.239.35
40,Sande,Roscher,sroscher13@google.com.hk,Female,149.157.40.86
41,Cooper,Ripon,cripon14@narod.ru,Male,114.46.169.206
42,Kordula,Claffey,kclaffey15@mysql.com,Female,36.56.124.38
43,Townie,Joslin,tjoslin16@istockphoto.com,Male,129.71.95.185
44,Bord,Lerer,blerer17@usnews.com,Male,174.175.254.241
45,Rustie,Blaber,rblaber18@deviantart.com,Male,186.229.105.221
46,Erny,Beeden,ebeeden19@gmpg.org,Male,97.86.223.115
47,Urson,Stockings,ustockings1a@linkedin.com,Male,3.253.204.117
48,Almira,Ackerley,aackerley1b@com.com,Female,29.4.106.98
49,Ann-marie,Piell,apiell1c@pagesperso-orange.fr,Female,249.223.20.240
50,Carl,Brayshay,cbrayshay1d@wiley.com,Male,35.245.169.1
51,Paten,Stevings,pstevings1e@army.mil,Male,216.252.24.197
52,Sander,Cobbing,scobbing1f@sphinn.com,Male,228.130.19.140
53,Kristos,Madison,kmadison1g@list-manage.com,Bigender,148.127.152.115
54,Christoph,Hek,chek1h@senate.gov,Male,189.105.118.152
55,Odey,Possek,opossek1i@mayoclinic.com,Male,126.140.226.58
56,Colver,Habercham,chabercham1j@slideshare.net,Male,51.239.128.141
57,Humfried,Ruvel,hruvel1k@devhub.com,Male,191.195.244.46
58,Branden,Routhorn,brouthorn1l@gizmodo.com,Male,243.78.170.197
59,Otha,Isselee,oisselee1m@cargocollective.com,Female,71.186.241.84
60,Thain,Biasotti,tbiasotti1n@people.com.cn,Male,170.85.171.239
61,Burlie,Antoniewicz,bantoniewicz1o@goo.ne.jp,Male,145.64.83.74
62,Emelda,Croizier,ecroizier1p@hp.com,Female,196.18.101.122
63,Tadeas,Doyle,tdoyle1q@vinaora.com,Male,183.232.211.64
64,Chris,Ambrois,cambrois1r@blog.com,Male,149.26.185.253
65,Oliviero,Plowell,oplowell1s@youtu.be,Male,79.49.198.4
66,Nichol,Silverthorn,nsilverthorn1t@odnoklassniki.ru,Female,92.244.38.223
67,Ozzie,Salack,osalack1u@php.net,Male,90.25.201.107
68,Olivie,Pagon,opagon1v@symantec.com,Female,60.225.124.167
69,Natalina,Petren,npetren1w@github.com,Female,149.100.148.230
70,Gwen,Charrisson,gcharrisson1x@mashable.com,Female,116.96.199.192
71,Berkley,O'Hickey,bohickey1y@goo.gl,Male,219.197.141.193
72,Ab,Fenn,afenn1z@addthis.com,Male,201.62.58.7
73,Benedetta,Phizakarley,bphizakarley20@comcast.net,Female,129.181.23.174
74,Renado,Seiler,rseiler21@vinaora.com,Male,171.32.217.57
75,Carilyn,Stirzaker,cstirzaker22@home.pl,Bigender,212.153.120.120
76,Cherilynn,Guillem,cguillem23@sina.com.cn,Female,94.129.168.229
77,Shea,Antoons,santoons24@businessweek.com,Male,10.48.10.146
78,Ivonne,Metcalfe,imetcalfe25@ft.com,Genderfluid,86.17.174.24
79,Stan,MacLaig,smaclaig26@patch.com,Male,144.143.195.61
80,Agnesse,Tewnion,atewnion27@digg.com,Female,29.150.217.182
81,Mickey,Qualtro,mqualtro28@ucsd.edu,Male,219.35.196.135
82,Lucias,Wisniowski,lwisniowski29@latimes.com,Male,206.26.41.219
83,Dela,Tabord,dtabord2a@artisteer.com,Non-binary,171.136.60.252
84,Carolan,Arsey,carsey2b@studiopress.com,Female,110.30.255.14
85,Tedie,Ravenhill,travenhill2c@list-manage.com,Male,252.66.210.59
86,Ruthe,Brockest,rbrockest2d@spotify.com,Female,5.180.229.41
87,Audi,Gregorin,agregorin2e@meetup.com,Female,236.197.227.91
88,Archibald,Pering,apering2f@geocities.com,Male,118.68.76.28
89,Orazio,Vautrey,ovautrey2g@sciencedirect.com,Male,227.3.145.195
90,Alf,Nan Carrow,anancarrow2h@hugedomains.com,Male,255.196.77.179
91,June,Braithwaite,jbraithwaite2i@1und1.de,Female,195.251.154.51
92,Rochell,Gatehouse,rgatehouse2j@cnbc.com,Female,11.203.204.195
93,Garret,Tregidga,gtregidga2k@is.gd,Male,127.109.125.247
94,Ker,Carnell,kcarnell2l@opera.com,Polygender,239.253.181.240
95,Norman,Folkes,nfolkes2m@shop-pro.jp,Male,33.72.255.28
96,Gabrila,Cordeau],gcordeau2n@shop-pro.jp,Female,43.208.205.35
97,Claudell,Pautard,cpautard2o@gnu.org,Male,95.26.68.246
98,Antony,Duckham,aduckham2p@google.com,Male,105.147.47.64
99,Leticia,Waddoups,lwaddoups2q@wsj.com,Female,188.178.170.43
100,Weidar,Shillabear,wshillabear2r@zimbio.com,Male,115.158.38.168
101,Candra,Rawcliffe,crawcliffe2s@jimdo.com,Female,89.200.232.235
102,Henka,Kernoghan,hkernoghan2t@cam.ac.uk,Genderfluid,200.228.151.98
103,Allan,Emmer,aemmer2u@disqus.com,Male,231.129.173.68
104,Leonard,Starbucke,lstarbucke2v@guardian.co.uk,Non-binary,186.57.101.113
105,Jammal,Rotherham,jrotherham2w@amazonaws.com,Male,118.160.120.198
106,Siobhan,Driussi,sdriussi2x@xinhuanet.com,Female,108.66.124.215
107,Manolo,Hambers,mhambers2y@liveinternet.ru,Male,214.151.79.98
108,Briggs,Arndell,barndell2z@slashdot.org,Male,178.218.75.17
109,Gilemette,Hanshawe,ghanshawe30@163.com,Female,49.118.142.31
110,Rowen,Linnell,rlinnell31@indiegogo.com,Male,210.212.152.119
111,Geoffry,Juris,gjuris32@soundcloud.com,Male,123.241.162.182
112,Dulcia,Dummer,ddummer33@youtu.be,Female,245.182.115.112
113,Terrell,Rodson,trodson34@china.com.cn,Male,145.151.185.227
114,Obie,McIlwrath,omcilwrath35@usa.gov,Male,77.87.107.194
115,Janelle,Lydall,jlydall36@engadget.com,Non-binary,160.53.113.161
116,Modestine,Pierri,mpierri37@google.co.uk,Female,40.31.130.214
117,Garret,Hilling,ghilling38@simplemachines.org,Polygender,219.98.25.51
118,Gwendolin,Rosencrantz,grosencrantz39@infoseek.co.jp,Female,33.5.51.107
119,Kylila,Billison,kbillison3a@nbcnews.com,Female,182.195.66.247
120,Trstram,Brass,tbrass3b@a8.net,Male,239.221.179.24
121,Gamaliel,Praton,gpraton3c@geocities.com,Male,42.160.216.36
122,Dalton,Khristyukhin,dkhristyukhin3d@sciencedaily.com,Male,63.202.61.155
123,Pauletta,Melding,pmelding3e@google.nl,Female,145.242.11.42
124,Lemmy,Bockler,lbockler3f@chron.com,Male,148.164.139.122
125,Lucien,Shave,lshave3g@rambler.ru,Male,140.163.182.88
126,Marney,Alexandrou,malexandrou3h@huffingtonpost.com,Female,166.155.227.61
127,Parry,Summerside,psummerside3i@bing.com,Male,150.165.148.96
128,Meredith,Limpertz,mlimpertz3j@japanpost.jp,Bigender,254.26.205.124
129,Smith,Dulanty,sdulanty3k@ed.gov,Male,132.154.59.247
130,Tremayne,Ubee,tubee3l@dagondesign.com,Male,64.187.198.243
131,Bertie,Gollin,bgollin3m@google.fr,Male,138.212.62.150
132,Minna,Fransinelli,mfransinelli3n@blogger.com,Female,178.2.236.8
133,Janaya,Mandal,jmandal3o@sbwire.com,Female,93.224.47.138
134,Bernhard,Willerson,bwillerson3p@ycombinator.com,Male,3.109.225.178
135,Josy,Charnock,jcharnock3q@google.co.jp,Female,154.3.229.180
136,Nisse,Bohin,nbohin3r@ebay.co.uk,Female,90.225.154.97
137,Maurie,Baraja,mbaraja3s@goo.gl,Male,184.200.113.157
138,Danika,Pietruszka,dpietruszka3t@cnn.com,Female,93.71.183.93
139,Des,Lorden,dlorden3u@delicious.com,Male,111.7.90.146
140,Ralph,Pohl,rpohl3v@umich.edu,Male,220.37.33.142
141,Malachi,Lavallie,mlavallie3w@seesaa.net,Male,125.6.222.71
142,Joete,Steketee,jsteketee3x@bbb.org,Female,183.245.235.1
143,Celinka,Lambden,clambden3y@so-net.ne.jp,Female,50.33.2.125
144,Jackqueline,Camp,jcamp3z@omniture.com,Female,136.173.49.18
145,Hanna,Mapledoore,hmapledoore40@soup.io,Female,27.5.141.96
146,Elaine,Enns,eenns41@google.pl,Female,115.188.81.70
147,Cash,Dodding,cdodding42@google.cn,Male,42.8.79.137
148,Lucian,Ventham,lventham43@ezinearticles.com,Male,153.243.88.223
149,Emmie,Ridd,eridd44@comsenz.com,Female,134.139.110.229
150,Nealon,Grinaway,ngrinaway45@soup.io,Male,223.226.67.48
151,Doloritas,Lavelle,dlavelle46@google.com.br,Female,24.49.254.51
152,Cornie,Thorburn,cthorburn47@issuu.com,Male,228.223.111.16
153,Quillan,Golsby,qgolsby48@alibaba.com,Male,163.100.86.129
154,Denyse,Dreakin,ddreakin49@plala.or.jp,Female,230.218.77.176
155,Dallas,Mannooch,dmannooch4a@miitbeian.gov.cn,Male,2.252.240.26
156,Leola,Groomebridge,lgroomebridge4b@auda.org.au,Female,99.8.2.85
157,Wang,Slixby,wslixby4c@narod.ru,Male,198.217.22.73
158,Shepard,Danilovich,sdanilovich4d@msn.com,Male,124.111.143.143
159,Bran,McDyer,bmcdyer4e@patch.com,Male,156.69.57.35
160,Hailee,Charlick,hcharlick4f@google.it,Female,35.6.0.32
161,Jolie,Longhi,jlonghi4g@prlog.org,Female,240.200.102.251
162,Umberto,Hengoed,uhengoed4h@ning.com,Male,137.240.58.215
163,Bevvy,Aymer,baymer4i@vistaprint.com,Female,208.160.66.232
164,Nessie,Maypother,nmaypother4j@newsvine.com,Female,116.208.32.159
165,Joanie,Isselee,jisselee4k@alibaba.com,Bigender,137.109.128.62
166,Reube,Sivell,rsivell4l@gravatar.com,Male,108.239.236.200
167,Skippie,Jerisch,sjerisch4m@plala.or.jp,Male,173.242.238.244
168,Del,Hambelton,dhambelton4n@shinystat.com,Female,194.229.81.13
169,Morgen,Klee,mklee4o@blogs.com,Polygender,27.115.183.60
170,Meagan,Maren,mmaren4p@google.com.au,Female,84.174.249.143
171,Alick,Hesser,ahesser4q@pen.io,Male,23.54.225.88
172,Costa,D'Aguanno,cdaguanno4r@histats.com,Male,226.151.8.189
173,Kyle,Pillans,kpillans4s@newyorker.com,Genderfluid,7.110.142.207
174,Ulrike,Warbrick,uwarbrick4t@simplemachines.org,Female,190.114.217.7
175,Nesta,Yoseloff,nyoseloff4u@google.co.uk,Female,234.72.254.231
176,Alric,Martyntsev,amartyntsev4v@narod.ru,Male,23.235.231.186
177,Isak,Lythgoe,ilythgoe4w@washington.edu,Male,196.80.211.117
178,Ash,Soames,asoames4x@google.com.hk,Male,200.245.173.253
179,Barnard,Simpole,bsimpole4y@dropbox.com,Male,35.127.136.232
180,Jacintha,McAviy,jmcaviy4z@vk.com,Female,144.56.247.184
181,Marven,Baline,mbaline50@shareasale.com,Male,205.68.148.174
182,Nichol,Black,nblack51@myspace.com,Female,117.5.145.125
183,Whitney,Ishchenko,wishchenko52@cnn.com,Male,202.158.13.3
184,Rinaldo,Arsnell,rarsnell53@tmall.com,Genderqueer,232.251.28.164
185,Hal,Dearan,hdearan54@wordpress.com,Male,105.232.131.243
186,Jenni,Patriskson,jpatriskson55@amazon.co.jp,Female,65.223.64.89
187,Lorrin,Tassaker,ltassaker56@gov.uk,Female,154.26.190.232
188,Lindy,Birtonshaw,lbirtonshaw57@prnewswire.com,Male,103.145.103.243
189,Paddy,Searby,psearby58@ebay.co.uk,Male,77.25.161.213
190,Jaymee,Tiller,jtiller59@sfgate.com,Female,107.38.181.186
191,Ginnifer,Blankhorn,gblankhorn5a@meetup.com,Female,210.1.212.221
192,Whitman,Pahler,wpahler5b@bloomberg.com,Male,219.104.155.179
193,Shay,Brandle,sbrandle5c@youku.com,Male,20.70.188.232
194,Case,Gledstane,cgledstane5d@bravesites.com,Male,212.191.54.236
195,Haley,Lawson,hlawson5e@theatlantic.com,Male,109.95.104.2
196,Amii,Micallef,amicallef5f@wordpress.org,Female,64.206.243.153
197,Nikolos,Gozard,ngozard5g@example.com,Male,139.172.29.160
198,Odele,Hurran,ohurran5h@google.pl,Female,98.41.196.81
199,Julina,Falco,jfalco5i@nymag.com,Female,6.135.31.89
200,Ancell,Demaine,ademaine5j@berkeley.edu,Bigender,248.151.182.30
201,Giusto,Yansons,gyansons5k@cbslocal.com,Male,26.42.181.25
202,Thane,Gauntley,tgauntley5l@chron.com,Male,195.161.200.145
203,Octavia,Gwatkin,ogwatkin5m@bigcartel.com,Female,133.50.177.215
204,Zaccaria,Thal,zthal5n@smugmug.com,Male,220.243.158.36
205,Ardeen,Sproat,asproat5o@barnesandnoble.com,Female,107.123.229.187
206,Philly,Paulmann,ppaulmann5p@wordpress.org,Female,173.133.215.74
207,Aksel,McClifferty,amcclifferty5q@networkadvertising.org,Male,157.41.222.250
208,Salomon,Duggan,sduggan5r@cocolog-nifty.com,Male,96.9.134.215
209,Oralle,Russo,orusso5s@wired.com,Female,231.237.83.244
210,Verina,Digby,vdigby5t@gmpg.org,Female,178.56.137.36
211,Frasquito,Mapledoore,fmapledoore5u@rambler.ru,Male,39.88.77.141
212,Major,Peche,mpeche5v@bloglines.com,Male,61.75.152.98
213,Ingeberg,Wrankmore,iwrankmore5w@sciencedirect.com,Female,230.26.118.107
214,Marianna,Buchett,mbuchett5x@usnews.com,Female,26.178.196.164
215,Terence,Bruyett,tbruyett5y@yolasite.com,Male,186.102.196.198
216,Elane,Okker,eokker5z@va.gov,Female,23.41.143.231
217,Thorstein,Izat,tizat60@alexa.com,Male,48.137.237.139
218,Juliane,Northley,jnorthley61@tumblr.com,Female,112.50.61.160
219,Alasdair,Bugdall,abugdall62@ucoz.ru,Agender,180.224.24.32
220,Wilhelm,Overpool,woverpool63@washingtonpost.com,Male,115.151.136.197
221,Ingeberg,Erb,ierb64@indiatimes.com,Polygender,170.46.115.48
222,Field,Molineaux,fmolineaux65@patch.com,Male,139.61.31.102
223,Vladimir,Pauls,vpauls66@unesco.org,Male,36.167.176.60
224,Yves,Shewan,yshewan67@state.tx.us,Male,71.109.78.57
225,Ebeneser,Lempenny,elempenny68@abc.net.au,Agender,157.254.71.123
226,Humbert,Daily,hdaily69@technorati.com,Male,167.70.243.106
227,Marcela,Criple,mcriple6a@scientificamerican.com,Female,200.30.29.180
228,Bibbie,Applegarth,bapplegarth6b@toplist.cz,Female,214.180.228.105
229,Fara,Summersett,fsummersett6c@list-manage.com,Female,152.170.223.226
230,Ynes,Edlyn,yedlyn6d@unicef.org,Female,149.227.3.49
231,Morgun,Theurer,mtheurer6e@upenn.edu,Male,173.224.186.186
232,Jemmie,Parrett,jparrett6f@biblegateway.com,Female,38.96.200.99
233,Bianca,Mulkerrins,bmulkerrins6g@twitter.com,Female,20.94.80.213
234,Vivyan,Petrushkevich,vpetrushkevich6h@quantcast.com,Female,245.134.169.5
235,Penn,Morgan,pmorgan6i@geocities.jp,Male,151.173.159.246
236,Mirelle,Parkman,mparkman6j@jimdo.com,Female,9.83.16.4
237,Elka,Esgate,eesgate6k@icio.us,Female,77.242.43.142
238,Miguel,Dockerty,mdockerty6l@time.com,Male,226.71.128.246
239,Ricardo,Plenty,rplenty6m@alexa.com,Male,216.40.231.186
240,Arlette,Ghiriardelli,aghiriardelli6n@springer.com,Female,78.73.161.151
241,Staci,Pady,spady6o@umich.edu,Female,45.79.243.33
242,Appolonia,Deamer,adeamer6p@wikispaces.com,Female,70.77.190.216
243,Candace,O'Flannery,coflannery6q@paypal.com,Female,178.217.82.134
244,Chrisse,Stonman,cstonman6r@eepurl.com,Male,0.234.142.148
245,Wood,Berre,wberre6s@jugem.jp,Male,8.116.131.30
246,Daniele,Avrahamian,davrahamian6t@php.net,Female,96.19.166.154
247,Wyndham,Jeary,wjeary6u@opensource.org,Male,160.233.26.78
248,Dionysus,Mayling,dmayling6v@cdbaby.com,Male,155.69.25.220
249,Nolie,Summerlee,nsummerlee6w@blogtalkradio.com,Female,18.44.241.137
250,Efren,Guillem,eguillem6x@walmart.com,Male,105.20.5.217
251,Jens,O'Hickee,johickee6y@typepad.com,Non-binary,22.222.181.42
252,Burnaby,Faithfull,bfaithfull6z@zimbio.com,Male,187.41.13.188
253,Julia,Brinicombe,jbrinicombe70@si.edu,Female,63.239.79.50
254,Vinny,Minget,vminget71@so-net.ne.jp,Female,54.39.202.143
255,Dory,Gibling,dgibling72@ustream.tv,Female,215.20.231.183
256,Jodee,Jerzyk,jjerzyk73@statcounter.com,Female,142.180.87.1
257,Florance,Lynock,flynock74@desdev.cn,Female,19.72.53.13
258,Royall,Fuge,rfuge75@craigslist.org,Male,33.231.14.62
259,Sterne,Lightman,slightman76@skyrock.com,Male,180.245.119.228
260,Lynnet,Millyard,lmillyard77@lulu.com,Female,82.18.53.20
261,Jolyn,Livard,jlivard78@msu.edu,Genderfluid,234.166.119.150
262,Thorsten,Ephson,tephson79@amazon.de,Male,152.136.102.153
263,Nicolle,Virgo,nvirgo7a@newyorker.com,Female,83.235.45.0
264,Fred,Malloy,fmalloy7b@yahoo.co.jp,Male,141.5.103.35
265,Farrel,Hansana,fhansana7c@biblegateway.com,Male,250.121.169.165
266,Betteanne,Coggill,bcoggill7d@themeforest.net,Female,144.21.118.191
267,Carlynne,Piatti,cpiatti7e@marketwatch.com,Female,157.98.37.229
268,Caddric,Rudkin,crudkin7f@chicagotribune.com,Male,106.17.177.99
269,Miller,Scates,mscates7g@angelfire.com,Male,149.37.246.27
270,Atlante,Hardinge,ahardinge7h@last.fm,Female,212.253.205.174
271,Broddie,Thireau,bthireau7i@gnu.org,Male,99.132.102.132
272,Murdoch,Toohey,mtoohey7j@vkontakte.ru,Male,242.189.138.49
273,Emelda,Greenlies,egreenlies7k@simplemachines.org,Female,213.219.198.9
274,Keene,Sineath,ksineath7l@cbc.ca,Male,11.209.49.45
275,Theresa,Side,tside7m@etsy.com,Bigender,47.7.230.247
276,Uri,Hallmark,uhallmark7n@boston.com,Male,155.190.194.24
277,Katerina,Crosse,kcrosse7o@washingtonpost.com,Female,4.253.85.254
278,Mohammed,Foot,mfoot7p@vk.com,Male,66.74.14.70
279,Archie,Tomaszkiewicz,atomaszkiewicz7q@examiner.com,Male,144.242.32.246
280,Tasha,Babcock,tbabcock7r@unesco.org,Female,133.25.210.222
281,Fiorenze,Rounsefull,frounsefull7s@jiathis.com,Female,100.126.21.175
282,Emily,Kettlesting,ekettlesting7t@addthis.com,Female,114.159.107.250
283,Malchy,Manthroppe,mmanthroppe7u@addtoany.com,Male,87.180.100.52
284,Anette,Vivian,avivian7v@princeton.edu,Female,89.255.201.168
285,Gualterio,Whitcomb,gwhitcomb7w@nytimes.com,Male,132.199.26.184
286,Kelly,Baillie,kbaillie7x@cbslocal.com,Female,196.31.112.56
287,Candide,Duce,cduce7y@harvard.edu,Female,17.122.195.242
288,Garth,Pett,gpett7z@sphinn.com,Genderfluid,79.61.188.64
289,Rudolf,Thomelin,rthomelin80@domainmarket.com,Male,230.13.230.110
290,Ellswerth,Frearson,efrearson81@hatena.ne.jp,Male,178.182.226.134
291,Baxy,Cankett,bcankett82@tamu.edu,Male,221.86.215.70
292,Magnum,Diamond,mdiamond83@dedecms.com,Male,0.17.89.30
293,Antonio,Iacomettii,aiacomettii84@behance.net,Male,17.159.148.208
294,Barry,Offener,boffener85@java.com,Male,61.114.101.2
295,Emelia,Popham,epopham86@wp.com,Female,158.140.124.126
296,Sallyanne,Evason,sevason87@goo.ne.jp,Female,187.144.4.2
297,Niel,Jacmar,njacmar88@biblegateway.com,Male,26.205.44.151
298,Daphne,Harme,dharme89@salon.com,Female,16.57.130.0
299,Dorothy,McFarlan,dmcfarlan8a@sina.com.cn,Female,41.173.127.46
300,Marney,Woodruff,mwoodruff8b@youtu.be,Female,109.116.247.117
301,Chandal,Jagson,cjagson8c@google.co.uk,Female,243.93.26.243
302,Shaylyn,Kunzel,skunzel8d@opensource.org,Female,54.44.21.155
303,Rudie,Dimblebee,rdimblebee8e@google.ca,Male,165.205.96.1
304,Raychel,Brasher,rbrasher8f@disqus.com,Female,61.93.186.22
305,Torrin,McCarron,tmccarron8g@pagesperso-orange.fr,Bigender,177.54.43.172
306,Camile,Davidoff,cdavidoff8h@yale.edu,Female,182.8.169.195
307,Burlie,Iskowitz,biskowitz8i@t.co,Male,49.74.218.228
308,Gustavo,Balbeck,gbalbeck8j@toplist.cz,Male,75.215.95.14
309,Archaimbaud,Northing,anorthing8k@studiopress.com,Male,14.150.195.180
310,Kristofor,Crusham,kcrusham8l@purevolume.com,Male,7.98.118.236
311,Guendolen,Beszant,gbeszant8m@upenn.edu,Female,73.251.197.110
312,Selle,Minogue,sminogue8n@chron.com,Female,25.84.180.245
313,Wade,Currom,wcurrom8o@mediafire.com,Male,167.154.57.56
314,Berky,Fairham,bfairham8p@examiner.com,Male,169.208.11.20
315,Lionel,Jiri,ljiri8q@newsvine.com,Male,37.255.213.50
316,Miguel,Loynton,mloynton8r@cam.ac.uk,Male,228.175.160.146
317,Sianna,Yankov,syankov8s@slideshare.net,Female,242.244.84.244
318,Ethe,Uzielli,euzielli8t@ucoz.ru,Male,16.165.91.158
319,Rodger,Dryden,rdryden8u@trellian.com,Male,35.196.143.10
320,Harwell,Campo,hcampo8v@drupal.org,Male,228.108.195.30
321,Ninetta,Harbin,nharbin8w@soup.io,Female,244.183.246.159
322,Tuckie,Yallop,tyallop8x@pcworld.com,Male,14.92.125.94
323,Helen-elizabeth,Dietsche,hdietsche8y@sphinn.com,Agender,246.207.240.14
324,Hanan,MacAlpine,hmacalpine8z@bigcartel.com,Male,17.185.81.62
325,Hersh,Chilcott,hchilcott90@ca.gov,Male,82.53.221.196
326,Shane,Manssuer,smanssuer91@xing.com,Male,34.254.202.78
327,Godfree,Owttrim,gowttrim92@rambler.ru,Male,68.185.152.121
328,Lauree,Reuther,lreuther93@weebly.com,Female,176.11.171.128
329,Brit,Joddens,bjoddens94@mapquest.com,Female,119.175.172.99
330,Loralee,Dronsfield,ldronsfield95@google.com.au,Female,99.205.97.139
331,Lind,Glanville,lglanville96@arstechnica.com,Non-binary,97.148.87.115
332,Nanine,Sambiedge,nsambiedge97@google.com.br,Female,200.201.164.134
333,Elset,Lewing,elewing98@edublogs.org,Female,90.146.101.240
334,Blayne,Titford,btitford99@hud.gov,Male,14.100.61.112
335,Arlen,Hasnney,ahasnney9a@multiply.com,Male,161.116.20.192
336,Wallache,Syversen,wsyversen9b@ycombinator.com,Male,198.141.225.143
337,Desdemona,Quarless,dquarless9c@soundcloud.com,Female,210.203.32.186
338,Rudolf,Ettels,rettels9d@google.co.jp,Male,113.110.117.141
339,Jacynth,Lovelace,jlovelace9e@biblegateway.com,Female,68.2.255.193
340,Marietta,Cullerne,mcullerne9f@statcounter.com,Male,59.189.215.67
341,Roddy,Brandom,rbrandom9g@aol.com,Male,251.187.179.2
342,Odetta,Haslam,ohaslam9h@arstechnica.com,Female,32.56.177.163
343,Lauree,Allman,lallman9i@moonfruit.com,Female,246.222.11.188
344,Wadsworth,Choke,wchoke9j@opensource.org,Male,11.56.133.161
345,Allissa,Drees,adrees9k@meetup.com,Female,233.189.86.11
346,Pansie,Pfaffe,ppfaffe9l@hubpages.com,Female,35.231.207.249
347,Cristy,Gopsell,cgopsell9m@yandex.ru,Female,168.239.20.223
348,Robina,Parslow,rparslow9n@google.it,Female,193.158.41.109
349,Caye,Candey,ccandey9o@shinystat.com,Female,31.154.95.231
350,Adelle,Asken,aasken9p@alibaba.com,Female,21.229.87.187
351,Edythe,Handmore,ehandmore9q@theglobeandmail.com,Female,205.246.151.27
352,Ellsworth,Stammler,estammler9r@bing.com,Male,216.39.24.43
353,Gertrudis,Emmens,gemmens9s@biglobe.ne.jp,Female,217.26.25.115
354,Torrin,Ebbage,tebbage9t@wunderground.com,Male,174.225.41.193
355,Tod,Chinge,tchinge9u@netvibes.com,Male,220.36.128.62
356,Timmie,Scarsbrook,tscarsbrook9v@hud.gov,Female,84.254.153.60
357,Linc,Dufore,ldufore9w@studiopress.com,Male,149.90.194.83
358,Uta,Glason,uglason9x@mapquest.com,Female,116.75.184.195
359,Dynah,O'dell,dodell9y@istockphoto.com,Female,208.230.63.91
360,Tobe,Aldous,taldous9z@engadget.com,Female,23.41.245.102
361,Al,Lovett,alovetta0@spotify.com,Male,170.29.36.122
362,Julita,Highwood,jhighwooda1@biblegateway.com,Female,222.84.70.66
363,Aurilia,Leworthy,aleworthya2@bigcartel.com,Genderfluid,23.25.233.143
364,Georgetta,Burrell,gburrella3@chron.com,Female,149.3.204.149
365,Retha,Coiley,rcoileya4@google.it,Female,81.4.27.78
366,Jerry,Cropp,jcroppa5@dedecms.com,Female,232.94.206.190
367,Zed,O'Downe,zodownea6@reddit.com,Male,55.66.20.143
368,Cinda,Hatto,chattoa7@so-net.ne.jp,Bigender,251.251.17.87
369,Nappie,Hindhaugh,nhindhaugha8@timesonline.co.uk,Male,139.47.183.101
370,Viole,Oiseau,voiseaua9@myspace.com,Female,167.128.90.223
371,Mychal,Furney,mfurneyaa@last.fm,Male,206.2.177.202
372,Anna,McNeill,amcneillab@mayoclinic.com,Female,12.145.255.167
373,Colby,Catton,ccattonac@unblog.fr,Male,26.74.85.99
374,Rania,Coard,rcoardad@webs.com,Female,5.159.23.84
375,Ermentrude,Cessford,ecessfordae@guardian.co.uk,Female,103.81.38.227
376,Emanuele,Vennart,evennartaf@europa.eu,Male,63.176.217.90
377,Nichol,Kehoe,nkehoeag@nymag.com,Female,54.112.142.99
378,Meryl,Poynton,mpoyntonah@dailymail.co.uk,Female,0.202.60.202
379,Norton,Hinckley,nhinckleyai@geocities.jp,Male,133.65.156.2
380,Aaren,Raund,araundaj@baidu.com,Female,22.54.118.69
381,Tania,Geroldi,tgeroldiak@fema.gov,Female,73.14.177.151
382,Collette,Sollett,csollettal@mozilla.org,Female,24.116.238.251
383,Latia,Tomczykiewicz,ltomczykiewiczam@bandcamp.com,Female,183.187.133.227
384,Chelsy,Albiston,calbistonan@weibo.com,Female,52.223.22.109
385,Jerrie,Waltho,jwalthoao@posterous.com,Female,167.72.183.177
386,Donalt,Couper,dcouperap@nifty.com,Male,177.250.76.238
387,Nicoli,Schimmang,nschimmangaq@economist.com,Female,199.246.250.74
388,Marlane,Feldstein,mfeldsteinar@indiegogo.com,Female,181.25.217.131
389,Normand,Halbord,nhalbordas@soundcloud.com,Male,80.230.22.216
390,Gaile,Schuelcke,gschuelckeat@zimbio.com,Male,169.150.166.58
391,Shina,Garthside,sgarthsideau@usda.gov,Female,166.186.59.82
392,Ophelie,Lesurf,olesurfav@umn.edu,Female,42.186.146.129
393,Deanne,Apedaile,dapedaileaw@bing.com,Female,75.25.221.115
394,Celene,Rubbert,crubbertax@who.int,Female,216.148.16.56
395,Fayth,Grigoriscu,fgrigoriscuay@irs.gov,Female,185.31.174.60
396,Gabriele,Alenin,galeninaz@baidu.com,Male,72.253.211.249
397,Aurore,Glasby,aglasbyb0@hexun.com,Female,202.212.178.24
398,Wilma,Di Gregorio,wdigregoriob1@ftc.gov,Female,86.139.70.110
399,Lutero,Swaine,lswaineb2@yahoo.com,Male,188.119.122.32
400,Worthy,Worsom,wworsomb3@wix.com,Male,66.35.152.165
401,Franciskus,Glanton,fglantonb4@umn.edu,Male,69.58.182.140
402,Mario,Sibley,msibleyb5@hubpages.com,Male,236.150.192.10
403,Ruprecht,Gawith,rgawithb6@marriott.com,Male,57.2.187.210
404,Koenraad,Cheer,kcheerb7@slate.com,Male,92.49.185.20
405,Monika,Chapier,mchapierb8@smugmug.com,Female,154.88.104.234
406,Roi,Wytchard,rwytchardb9@clickbank.net,Male,185.245.217.168
407,Lilian,Kenrat,lkenratba@springer.com,Genderfluid,44.200.112.67
408,Lark,Genn,lgennbb@joomla.org,Female,166.75.31.107
409,Wood,Erdes,werdesbc@redcross.org,Male,150.83.225.53
410,Jojo,Bikker,jbikkerbd@spotify.com,Female,74.57.229.162
411,Barr,Toft,btoftbe@etsy.com,Male,194.204.49.5
412,Jammal,Paolinelli,jpaolinellibf@quantcast.com,Male,22.201.1.13
413,Liliane,Bartkowiak,lbartkowiakbg@facebook.com,Female,19.188.120.11
414,Barnebas,Siberry,bsiberrybh@tumblr.com,Male,216.152.155.156
415,Rosalind,Hellard,rhellardbi@friendfeed.com,Bigender,107.114.215.155
416,Sharla,Elmore,selmorebj@tiny.cc,Female,25.60.245.209
417,Carey,Mochan,cmochanbk@noaa.gov,Male,142.52.225.94
418,Shaun,Thomazet,sthomazetbl@statcounter.com,Female,114.164.28.229
419,Eddie,Hurich,ehurichbm@unc.edu,Male,183.99.134.80
420,Morgun,Liebmann,mliebmannbn@un.org,Male,171.28.135.186
421,Tate,Gilhool,tgilhoolbo@unesco.org,Male,43.182.188.142
422,Carolyne,Sandifer,csandiferbp@paginegialle.it,Female,83.173.106.189
423,Marybeth,Jirousek,mjirousekbq@ucsd.edu,Female,7.131.221.148
424,Matthus,McClosh,mmccloshbr@google.co.uk,Male,248.119.123.147
425,Gib,Ickovici,gickovicibs@webnode.com,Male,181.77.113.158
426,Merrick,Achrameev,machrameevbt@jigsy.com,Male,226.252.56.44
427,Georgiana,Bernadot,gbernadotbu@sakura.ne.jp,Female,113.237.79.222
428,Karrie,O'Hoey,kohoeybv@hostgator.com,Polygender,237.77.229.14
429,Jesse,Malim,jmalimbw@gov.uk,Female,118.185.237.91
430,Jeremie,Andree,jandreebx@eventbrite.com,Male,159.183.141.92
431,Isabeau,Mauser,imauserby@jigsy.com,Female,12.21.11.161
432,Bradney,Westcar,bwestcarbz@google.ru,Male,112.116.146.90
433,Kordula,Friskey,kfriskeyc0@youku.com,Female,209.248.2.91
434,Gaby,Bellefant,gbellefantc1@acquirethisname.com,Female,170.145.201.120
435,Archambault,Kyncl,akynclc2@nhs.uk,Male,49.194.158.78
436,Sven,Trumble,strumblec3@usa.gov,Male,152.62.246.30
437,Brooks,Lamberto,blambertoc4@alexa.com,Male,55.245.127.162
438,Gardy,Pretley,gpretleyc5@imdb.com,Agender,232.166.202.246
439,Bevin,Georgins,bgeorginsc6@typepad.com,Male,25.121.253.10
440,Beilul,Mardee,bmardeec7@pagesperso-orange.fr,Non-binary,99.33.147.191
441,Mickey,Surmeir,msurmeirc8@mac.com,Male,27.54.54.58
442,Bordy,Brownstein,bbrownsteinc9@cnn.com,Male,233.98.157.13
443,Tamar,Pollok,tpollokca@livejournal.com,Female,74.156.201.84
444,Alexa,Dallosso,adallossocb@360.cn,Female,255.161.194.57
445,Tamqrah,Foggo,tfoggocc@weather.com,Agender,28.116.232.214
446,Raphaela,Onn,ronncd@ow.ly,Female,253.100.158.215
447,Broderick,Croster,bcrosterce@mtv.com,Male,91.199.35.184
448,Annabella,Cocozza,acocozzacf@marketwatch.com,Female,39.173.55.123
449,Corby,Cloutt,cclouttcg@mlb.com,Genderqueer,137.97.39.8
450,Archie,Scoular,ascoularch@microsoft.com,Male,242.110.57.187
451,Sandor,Riddick,sriddickci@mysql.com,Male,182.17.18.139
452,Antone,Minichi,aminichicj@weebly.com,Male,77.32.204.85
453,Bondon,Scarth,bscarthck@plala.or.jp,Male,212.144.115.149
454,Lisette,Beedham,lbeedhamcl@discuz.net,Bigender,154.171.168.38
455,Cthrine,Fancett,cfancettcm@jimdo.com,Female,19.144.75.4
456,Xever,Edeson,xedesoncn@irs.gov,Genderqueer,70.248.35.44
457,Ardine,Exer,aexerco@reverbnation.com,Female,104.173.179.80
458,Petunia,Poynor,ppoynorcp@sun.com,Female,56.176.99.117
459,Mellicent,Minchindon,mminchindoncq@va.gov,Female,83.84.149.26
460,Temple,Swyer,tswyercr@hc360.com,Male,205.255.237.100
461,Alikee,McGookin,amcgookincs@npr.org,Female,36.5.44.229
462,Von,Cogley,vcogleyct@wikipedia.org,Male,101.169.118.113
463,Raeann,D'Ugo,rdugocu@nifty.com,Female,172.89.166.78
464,Darelle,Onslow,donslowcv@nymag.com,Female,102.188.142.190
465,Bobbie,Warke,bwarkecw@columbia.edu,Male,199.5.127.241
466,Ertha,Colvill,ecolvillcx@wiley.com,Female,179.191.167.189
467,Erna,Bosket,ebosketcy@pcworld.com,Female,66.185.8.56
468,Tanney,Bales,tbalescz@about.com,Male,132.21.222.24
469,Sargent,Marians,smariansd0@blogtalkradio.com,Male,62.96.80.106
470,Man,Willment,mwillmentd1@scribd.com,Male,161.182.250.148
471,Vitia,Sappson,vsappsond2@alibaba.com,Female,98.13.178.29
472,Immanuel,Uden,iudend3@tripadvisor.com,Male,213.98.248.165
473,Walther,Lucien,wluciend4@google.com.au,Male,183.243.225.49
474,Kore,Arends,karendsd5@comcast.net,Genderfluid,17.128.170.100
475,Charity,Shynn,cshynnd6@phpbb.com,Female,234.195.88.5
476,Jorie,Hebdon,jhebdond7@sakura.ne.jp,Female,164.204.4.75
477,Blanch,Allam,ballamd8@si.edu,Female,57.47.151.8
478,Berri,Glenny,bglennyd9@ucla.edu,Female,150.44.230.52
479,Teriann,Frow,tfrowda@theguardian.com,Female,80.207.226.136
480,Farlie,Aspy,faspydb@simplemachines.org,Male,87.229.161.118
481,Hynda,Jerosch,hjeroschdc@discuz.net,Female,222.130.27.52
482,Gabriell,Usher,gusherdd@over-blog.com,Female,78.71.183.178
483,Smitty,Laverack,slaverackde@google.com.au,Male,45.213.122.41
484,Rabbi,Keppie,rkeppiedf@bloglines.com,Male,50.89.193.19
485,Fabe,Mengue,fmenguedg@fotki.com,Male,51.173.213.80
486,Retha,Jolliss,rjollissdh@last.fm,Female,160.6.157.173
487,Meyer,Asbury,masburydi@ezinearticles.com,Male,222.41.252.97
488,Chuck,Armand,carmanddj@blogs.com,Male,96.220.248.142
489,Spense,Ware,swaredk@sphinn.com,Male,209.169.215.215
490,Hayward,Bedome,hbedomedl@dailymail.co.uk,Male,9.15.95.127
491,Koenraad,Kernley,kkernleydm@blogspot.com,Male,90.192.40.44
492,Kylila,Bass,kbassdn@wp.com,Genderqueer,155.117.237.240
493,Alaric,MacKereth,amackerethdo@blogs.com,Male,6.74.248.191
494,Lynnell,Valentinetti,lvalentinettidp@auda.org.au,Female,228.156.2.16
495,Moore,Ollcott,mollcottdq@angelfire.com,Male,92.148.7.52
496,Gloriana,Shufflebotham,gshufflebothamdr@sohu.com,Female,83.250.65.162
497,Allan,Sallowaye,asallowayeds@shareasale.com,Male,109.201.179.146
498,Massimiliano,Sams,msamsdt@dyndns.org,Male,78.183.10.183
499,Maurits,Coushe,mcoushedu@squarespace.com,Male,71.23.241.92
500,Belle,Rawsthorne,brawsthornedv@engadget.com,Female,104.165.226.217
501,Tallie,Mapam,tmapamdw@geocities.jp,Female,121.248.162.48
502,Gertie,Hazel,ghazeldx@salon.com,Female,5.2.26.108
503,Cecily,Monkman,cmonkmandy@icq.com,Agender,189.184.229.61
504,Karleen,Thunder,kthunderdz@webmd.com,Female,69.66.246.99
505,Husain,Bowskill,hbowskille0@typepad.com,Male,150.164.221.190
506,Gwennie,Iglesiaz,giglesiaze1@chron.com,Female,85.225.164.80
507,Hasheem,Ewers,hewerse2@google.com.au,Male,6.45.10.128
508,Mella,McCutcheon,mmccutcheone3@indiatimes.com,Female,200.142.65.36
509,Nonna,Inworth,ninworthe4@blog.com,Female,238.50.35.197
510,Barry,Hackney,bhackneye5@ucoz.ru,Female,22.77.193.46
511,Arman,Ditchett,aditchette6@cargocollective.com,Male,54.176.44.23
512,Wilone,McKintosh,wmckintoshe7@walmart.com,Female,13.183.207.24
513,Broddie,Stubbings,bstubbingse8@tuttocitta.it,Male,42.49.149.202
514,Orelee,Cours,ocourse9@nature.com,Female,88.212.175.196
515,Kendal,Aspinell,kaspinellea@purevolume.com,Male,120.235.69.109
516,Marlon,Worboys,mworboyseb@yandex.ru,Genderfluid,14.213.31.205
517,Micheil,Pepin,mpepinec@wordpress.org,Genderfluid,42.130.48.84
518,Ambrosius,Heber,ahebered@meetup.com,Male,90.65.214.30
519,Brendin,Andrin,bandrinee@deviantart.com,Male,221.220.57.125
520,Wynny,Phizacklea,wphizackleaef@exblog.jp,Female,140.105.199.160
521,Zedekiah,MacAskill,zmacaskilleg@chicagotribune.com,Male,193.228.216.247
522,Livia,Dobeson,ldobesoneh@seattletimes.com,Female,77.105.194.86
523,Fanchon,Petit,fpetitei@jiathis.com,Female,101.199.202.60
524,Adrienne,Cabble,acabbleej@netvibes.com,Female,200.172.116.22
525,Kenton,Hackelton,khackeltonek@samsung.com,Male,127.247.107.36
526,Biddie,Strettell,bstrettellel@icq.com,Female,243.46.77.29
527,Jerrold,Bullon,jbullonem@dyndns.org,Male,191.220.155.134
528,Kristan,Maskall,kmaskallen@networksolutions.com,Female,183.141.76.56
529,Carolyn,Champkins,cchampkinseo@oakley.com,Female,168.32.255.82
530,Iorgo,Sinnocke,isinnockeep@epa.gov,Male,119.183.204.128
531,Madge,Lestor,mlestoreq@ca.gov,Polygender,54.153.156.221
532,Godfrey,Prose,gproseer@nationalgeographic.com,Male,70.209.175.219
533,Osborne,Thaim,othaimes@prnewswire.com,Male,60.225.152.154
534,Allard,Parsall,aparsallet@wiley.com,Male,196.163.55.31
535,Earvin,Swaby,eswabyeu@vinaora.com,Male,105.233.85.235
536,Durward,Coneybeare,dconeybeareev@slideshare.net,Male,37.52.20.11
537,Leonardo,Kluss,lklussew@forbes.com,Male,49.124.26.1
538,Codee,Sally,csallyex@fema.gov,Female,227.190.228.139
539,Abbe,Rotte,arotteey@army.mil,Female,135.6.198.170
540,Lawrence,Syphus,lsyphusez@cnbc.com,Male,133.231.9.195
541,Klarika,Duffil,kduffilf0@alexa.com,Female,241.219.229.185
542,Harlen,Beynke,hbeynkef1@state.gov,Male,26.151.233.233
543,Fifi,Brierley,fbrierleyf2@amazon.co.uk,Female,44.161.55.86
544,Mayor,Matschke,mmatschkef3@mayoclinic.com,Male,110.129.16.23
545,Nelia,Brimmell,nbrimmellf4@cnn.com,Female,171.183.184.109
546,Feliks,Case,fcasef5@example.com,Male,199.45.176.3
547,Lou,Andrassy,landrassyf6@digg.com,Male,223.174.16.55
548,Josiah,Rosberg,jrosbergf7@360.cn,Male,209.16.107.75
549,Luisa,Schrei,lschreif8@discovery.com,Female,174.241.148.146
550,Adoree,Allwood,aallwoodf9@zimbio.com,Female,211.192.173.229
551,Trace,Derx,tderxfa@livejournal.com,Male,73.231.92.161
552,Kai,Klampk,kklampkfb@rambler.ru,Female,226.45.91.94
553,Alva,Pauly,apaulyfc@ucsd.edu,Male,49.191.15.171
554,Vic,Pfaffel,vpfaffelfd@marketwatch.com,Male,52.115.17.65
555,Mona,Weippert,mweippertfe@mozilla.org,Female,169.249.117.157
556,Humfried,Laxtonne,hlaxtonneff@opera.com,Male,186.35.155.249
557,Cullan,Dulanty,cdulantyfg@netvibes.com,Male,115.123.88.38
558,Austen,Machan,amachanfh@ox.ac.uk,Male,33.0.66.40
559,Monica,Carlo,mcarlofi@fastcompany.com,Female,127.245.55.113
560,Shelden,Henaughan,shenaughanfj@goo.ne.jp,Male,197.115.173.40
561,Karly,O' Lone,kolonefk@techcrunch.com,Female,71.144.124.235
562,Amabelle,Hassewell,ahassewellfl@privacy.gov.au,Female,248.153.36.213
563,Orazio,Lorinez,olorinezfm@about.com,Male,95.228.16.90
564,Leonelle,Silliman,lsillimanfn@uol.com.br,Female,25.36.251.22
565,Marlow,Osipov,mosipovfo@eepurl.com,Male,192.35.51.32
566,Amble,Barras,abarrasfp@aboutads.info,Male,69.26.235.90
567,Sheelagh,Pinshon,spinshonfq@mashable.com,Female,219.23.184.177
568,Kendal,Rown,krownfr@ow.ly,Male,81.154.13.86
569,Jerrilyn,Moutray Read,jmoutrayreadfs@dailymotion.com,Female,71.34.46.165
570,Antons,Elsmor,aelsmorft@unesco.org,Male,186.124.201.10
571,Frankie,Pheby,fphebyfu@123-reg.co.uk,Male,48.172.82.83
572,Dre,Male,dmalefv@discuz.net,Female,75.77.109.61
573,Kenon,Ortiga,kortigafw@ovh.net,Male,13.81.160.114
574,Moina,Guillond,mguillondfx@gizmodo.com,Female,70.91.65.22
575,Bond,Picopp,bpicoppfy@nasa.gov,Male,235.8.133.234
576,Lynna,Grastye,lgrastyefz@yellowpages.com,Female,155.145.72.155
577,Colby,Stringer,cstringerg0@ezinearticles.com,Male,49.49.225.68
578,Demetre,Plail,dplailg1@tinyurl.com,Male,241.243.214.186
579,Brittni,Beden,bbedeng2@homestead.com,Female,241.182.81.36
580,Gigi,Rudman,grudmang3@indiatimes.com,Female,199.55.113.222
581,Gwenny,Bendik,gbendikg4@foxnews.com,Female,158.154.4.176
582,Miguel,Waiton,mwaitong5@time.com,Male,164.130.192.133
583,Wilhelmina,Oldham,woldhamg6@pagesperso-orange.fr,Female,92.160.224.224
584,Cesare,Larwell,clarwellg7@sbwire.com,Male,35.54.53.22
585,Ninon,Sline,nslineg8@mail.ru,Female,132.39.150.233
586,Belle,Blouet,bblouetg9@goo.ne.jp,Female,21.46.157.3
587,Eden,Jarmaine,ejarmainega@edublogs.org,Female,235.174.17.31
588,Pavla,Kaminski,pkaminskigb@reddit.com,Female,107.216.164.93
589,Maureene,Picker,mpickergc@usnews.com,Female,237.174.168.240
590,Artemas,Dearnley,adearnleygd@merriam-webster.com,Male,154.45.244.30
591,Anders,Tong,atongge@state.gov,Male,114.102.195.223
592,Deva,Belin,dbelingf@ehow.com,Female,59.161.144.17
593,Jimmy,Ranshaw,jranshawgg@sina.com.cn,Male,135.140.112.14
594,Kizzie,Kettleson,kkettlesongh@163.com,Female,109.189.162.252
595,Kaitlyn,Wigginton,kwiggintongi@phpbb.com,Female,232.227.127.228
596,Darrin,Dalyiel,ddalyielgj@wordpress.com,Male,102.23.70.176
597,Marney,Dore,mdoregk@google.ca,Female,207.52.209.84
598,Ivor,Pilbury,ipilburygl@xrea.com,Male,200.41.19.57
599,Noellyn,Girodias,ngirodiasgm@narod.ru,Female,147.71.141.22
600,Terry,Yalden,tyaldengn@netscape.com,Non-binary,205.244.212.18
601,Horatius,Dearlove,hdearlovego@google.fr,Male,112.145.111.224
602,Donni,Kinsett,dkinsettgp@answers.com,Non-binary,181.183.248.4
603,Addie,Weepers,aweepersgq@vkontakte.ru,Female,143.186.171.5
604,Isadora,Eglese,ieglesegr@netvibes.com,Female,236.159.96.105
605,Hugues,Almack,halmackgs@weather.com,Male,219.62.175.226
606,Federica,Menear,fmeneargt@netscape.com,Female,15.120.210.231
607,Beckie,MacDougal,bmacdougalgu@soup.io,Female,66.6.75.96
608,Kirstin,Andrieux,kandrieuxgv@newyorker.com,Female,34.78.57.65
609,Meridith,Stanluck,mstanluckgw@ask.com,Female,134.72.205.179
610,Shena,Laker,slakergx@go.com,Female,229.84.80.161
611,Lucretia,Paal,lpaalgy@illinois.edu,Female,253.127.43.207
612,Nolie,Witherbed,nwitherbedgz@zdnet.com,Female,248.5.182.9
613,Patrizio,Gilder,pgilderh0@sohu.com,Male,158.222.124.103
614,Lucien,Berrigan,lberriganh1@mozilla.org,Male,77.5.44.133
615,Ariadne,Pardey,apardeyh2@netvibes.com,Female,57.120.134.181
616,Waylan,Scoggins,wscogginsh3@csmonitor.com,Male,19.116.132.220
617,Cinda,St. Hill,csthillh4@wsj.com,Female,33.105.102.25
618,Abbott,Ivanitsa,aivanitsah5@usa.gov,Male,216.17.193.166
619,Catarina,Stilliard,cstilliardh6@smh.com.au,Female,96.65.129.122
620,Trumann,Ebbens,tebbensh7@g.co,Male,1.69.146.132
621,Perri,Phateplace,pphateplaceh8@examiner.com,Female,183.95.153.152
622,Laryssa,Gosse,lgosseh9@yolasite.com,Female,57.117.28.168
623,Isidora,Rentelll,irentelllha@seesaa.net,Female,118.217.142.254
624,Fania,Veronique,fveroniquehb@npr.org,Female,218.245.156.57
625,Stanly,O' Cuolahan,socuolahanhc@edublogs.org,Male,30.100.144.12
626,Willem,Snadden,wsnaddenhd@omniture.com,Male,0.114.3.90
627,Humberto,Verchambre,hverchambrehe@spotify.com,Polygender,172.213.211.206
628,Tanny,Southerill,tsoutherillhf@ovh.net,Male,180.78.121.158
629,Ansell,Arundale,aarundalehg@shop-pro.jp,Male,238.44.95.146
630,Abel,Cusiter,acusiterhh@topsy.com,Male,241.111.107.210
631,Shea,Shelliday,sshellidayhi@github.com,Male,242.2.173.97
632,Geri,Haddleton,ghaddletonhj@bbc.co.uk,Male,102.12.41.94
633,Avril,Earnshaw,aearnshawhk@acquirethisname.com,Non-binary,220.164.221.85
634,Rudd,Ellesworth,rellesworthhl@meetup.com,Genderqueer,225.110.194.31
635,Anita,Gudahy,agudahyhm@google.fr,Genderfluid,228.45.187.229
636,Skell,Gaylord,sgaylordhn@microsoft.com,Male,99.75.194.93
637,Clarence,Itzkov,citzkovho@howstuffworks.com,Male,161.88.159.204
638,Brittany,Iggo,biggohp@yandex.ru,Bigender,80.45.45.46
639,Elladine,Norville,enorvillehq@sakura.ne.jp,Female,133.141.138.120
640,Berti,Doornbos,bdoornboshr@ibm.com,Female,168.174.13.205
641,Reidar,Kenner,rkennerhs@ezinearticles.com,Male,27.89.200.65
642,Claudina,MacAnelley,cmacanelleyht@wordpress.org,Female,211.6.219.53
643,Gavin,Colafate,gcolafatehu@ebay.co.uk,Male,41.247.163.97
644,Erny,Earland,eearlandhv@ed.gov,Bigender,126.152.25.78
645,Austen,Lemoir,alemoirhw@wp.com,Male,152.91.140.84
646,Dinny,Mahomet,dmahomethx@furl.net,Female,34.14.54.203
647,Byrann,Gribbins,bgribbinshy@yelp.com,Male,65.35.49.28
648,Tracey,Capenor,tcapenorhz@nationalgeographic.com,Male,13.85.167.80
649,Zaria,Casellas,zcasellasi0@angelfire.com,Genderqueer,132.91.131.107
650,Marj,Saggs,msaggsi1@yellowbook.com,Female,251.210.166.213
651,Bridget,Wreath,bwreathi2@webmd.com,Female,26.88.250.18
652,Lexis,Blaszczak,lblaszczaki3@wunderground.com,Female,82.37.251.91
653,Gideon,Bassill,gbassilli4@nymag.com,Male,152.15.150.230
654,Joli,Faldoe,jfaldoei5@yellowpages.com,Female,215.80.161.189
655,Bendite,Leyson,bleysoni6@a8.net,Female,143.178.153.126
656,Kat,Baudic,kbaudici7@sciencedaily.com,Polygender,193.167.201.9
657,Valeda,Bessent,vbessenti8@istockphoto.com,Female,196.241.157.54
658,Heywood,Clipson,hclipsoni9@ycombinator.com,Male,13.164.18.101
659,Rhea,Emilien,remilienia@samsung.com,Female,83.112.193.214
660,Darlene,Gask,dgaskib@taobao.com,Female,231.117.123.28
661,Malory,Matschek,mmatschekic@paginegialle.it,Female,183.190.142.127
662,Elle,Mousley,emousleyid@pagesperso-orange.fr,Female,35.121.74.188
663,Chiquita,Giveen,cgiveenie@imageshack.us,Female,28.99.214.152
664,Tristam,Akroyd,takroydif@cafepress.com,Male,73.35.66.63
665,Remus,MacRitchie,rmacritchieig@columbia.edu,Male,39.33.166.155
666,Tonnie,Brose,tbroseih@europa.eu,Male,16.169.183.190
667,Jacklin,Ballantine,jballantineii@etsy.com,Female,246.111.45.37
668,Jethro,Brittian,jbrittianij@howstuffworks.com,Male,184.132.15.141
669,Tine,McGrill,tmcgrillik@soup.io,Female,232.159.200.243
670,Weylin,Skylett,wskylettil@mail.ru,Male,134.24.58.185
671,Rea,Laval,rlavalim@youtu.be,Bigender,1.74.101.3
672,Derward,Chatain,dchatainin@wired.com,Male,241.165.90.134
673,Doug,Daysh,ddayshio@mapquest.com,Male,106.61.92.87
674,Nicki,Hampshaw,nhampshawip@altervista.org,Female,185.150.208.219
675,Codee,Strongman,cstrongmaniq@google.ru,Female,219.17.254.121
676,Devonna,Sondon,dsondonir@rediff.com,Female,16.1.60.178
677,Hyatt,Huzzey,hhuzzeyis@trellian.com,Male,68.255.50.4
678,Brana,Sandaver,bsandaverit@exblog.jp,Female,252.176.229.67
679,Pennie,Gislebert,pgislebertiu@instagram.com,Female,214.32.119.168
680,Livvie,Duffet,lduffetiv@clickbank.net,Non-binary,28.188.204.71
681,Margaux,Christoffe,mchristoffeiw@ed.gov,Female,238.39.59.18
682,Rodger,Luckin,rluckinix@hc360.com,Male,17.217.142.195
683,Editha,Berger,ebergeriy@addtoany.com,Female,187.139.14.211
684,Devonna,Larne,dlarneiz@typepad.com,Female,59.117.33.35
685,Hulda,Mold,hmoldj0@trellian.com,Female,20.85.198.204
686,Shirley,Paley,spaleyj1@amazon.co.uk,Female,70.225.162.18
687,Norri,Knapp,nknappj2@delicious.com,Female,247.31.163.81
688,Artur,Eusden,aeusdenj3@eventbrite.com,Male,107.88.100.193
689,Malorie,Courtliff,mcourtliffj4@phoca.cz,Female,10.52.41.42
690,Griz,Jenik,gjenikj5@addtoany.com,Male,100.136.211.227
691,Theresina,Joseph,tjosephj6@hud.gov,Female,107.12.119.87
692,Gustie,Woodcraft,gwoodcraftj7@fc2.com,Female,247.48.170.80
693,Dallas,Dunmore,ddunmorej8@yolasite.com,Female,200.32.119.35
694,Kerwin,Wickmann,kwickmannj9@clickbank.net,Male,239.79.162.165
695,Amy,Domke,adomkeja@ocn.ne.jp,Female,10.59.231.240
696,Myrah,Ramm,mrammjb@army.mil,Female,182.22.70.122
697,Bobbi,Janczak,bjanczakjc@un.org,Female,42.195.105.236
698,Melisse,Douglas,mdouglasjd@cafepress.com,Genderqueer,120.136.214.92
699,Mona,Rogan,mroganje@ocn.ne.jp,Female,46.59.232.219
700,Riannon,Newbery,rnewberyjf@odnoklassniki.ru,Female,111.101.91.32
701,Giacomo,Moulsdale,gmoulsdalejg@technorati.com,Male,181.126.65.82
702,Otto,Flux,ofluxjh@prnewswire.com,Male,215.104.239.166
703,Gabriella,Shooter,gshooterji@angelfire.com,Female,143.171.187.79
704,Ferguson,Salvadori,fsalvadorijj@plala.or.jp,Male,110.210.116.52
705,Beau,Penswick,bpenswickjk@skyrock.com,Male,120.217.16.186
706,Gardener,Frotton,gfrottonjl@japanpost.jp,Male,172.15.43.93
707,Harriot,Spitaro,hspitarojm@wisc.edu,Female,145.243.170.156
708,Etan,Swane,eswanejn@mit.edu,Male,222.38.251.32
709,Vincent,Treske,vtreskejo@multiply.com,Male,169.24.175.194
710,Benedetta,Craddy,bcraddyjp@bizjournals.com,Female,1.65.114.157
711,Evelyn,Creasey,ecreaseyjq@goo.gl,Female,89.86.107.79
712,Hermy,Finnimore,hfinnimorejr@edublogs.org,Male,43.17.111.84
713,Octavia,Cooney,ocooneyjs@elpais.com,Female,100.214.154.19
714,Ebonee,Steventon,esteventonjt@ustream.tv,Polygender,208.152.232.255
715,Ted,Nairne,tnairneju@ihg.com,Male,128.37.151.21
716,Kacie,Edgley,kedgleyjv@surveymonkey.com,Female,237.176.42.221
717,Leann,Batho,lbathojw@wordpress.org,Female,144.232.242.69
718,Lyndell,Toland,ltolandjx@clickbank.net,Female,196.115.0.97
719,Augustin,Lancetter,alancetterjy@pbs.org,Male,214.57.223.84
720,Gloriane,Corre,gcorrejz@dedecms.com,Female,112.147.126.71
721,Krissie,Dyshart,kdyshartk0@nps.gov,Female,144.206.149.139
722,Giselle,Bending,gbendingk1@fotki.com,Polygender,208.7.65.252
723,Hubie,Sillick,hsillickk2@naver.com,Male,14.81.79.226
724,Bondon,Gobolos,bgobolosk3@nbcnews.com,Male,230.11.127.67
725,Hewe,Chalder,hchalderk4@bloglines.com,Non-binary,246.91.18.182
726,Samuele,Critchard,scritchardk5@blinklist.com,Male,193.53.216.40
727,Mortie,Dockree,mdockreek6@desdev.cn,Male,246.81.96.80
728,Emlynne,Eddington,eeddingtonk7@sfgate.com,Female,212.64.10.198
729,Tabina,Buffery,tbufferyk8@ask.com,Female,83.64.135.148
730,Hallsy,Guys,hguysk9@miibeian.gov.cn,Male,98.65.133.251
731,Levey,Seegar,lseegarka@va.gov,Male,141.59.202.206
732,Chucho,Brunke,cbrunkekb@columbia.edu,Male,15.182.51.22
733,Alasteir,Wile,awilekc@pbs.org,Male,14.113.191.238
734,Papageno,Richfield,prichfieldkd@imdb.com,Male,43.24.138.101
735,Joye,Braine,jbraineke@mapquest.com,Female,144.45.182.129
736,Hayward,Fancy,hfancykf@cbslocal.com,Male,77.49.169.59
737,Jobi,Silver,jsilverkg@mit.edu,Female,84.88.148.236
738,Peg,Joao,pjoaokh@usatoday.com,Female,47.181.234.44
739,Brandy,Hedan,bhedanki@reference.com,Male,29.247.81.171
740,Mab,Raylton,mrayltonkj@stanford.edu,Female,217.201.41.84
741,Howie,Duberry,hduberrykk@goo.gl,Male,122.232.35.179
742,Janina,Rizzotto,jrizzottokl@admin.ch,Female,155.226.129.50
743,Klarrisa,Joffe,kjoffekm@wunderground.com,Female,48.28.8.52
744,Marga,Dredge,mdredgekn@omniture.com,Female,215.93.209.5
745,Gena,Gare,ggareko@goo.ne.jp,Female,171.236.164.19
746,Morgan,Embleton,membletonkp@instagram.com,Female,186.244.235.163
747,Shane,Penrice,spenricekq@topsy.com,Male,159.217.78.177
748,Nanette,Laughnan,nlaughnankr@fc2.com,Female,22.194.252.234
749,Carree,Sebborn,csebbornks@yahoo.co.jp,Female,232.232.180.200
750,Lurette,Whyteman,lwhytemankt@microsoft.com,Female,141.28.96.157
751,Elmira,Lingner,elingnerku@delicious.com,Female,80.228.76.227
752,Yankee,Klauber,yklauberkv@gov.uk,Male,81.134.79.190
753,Brit,Cinderey,bcindereykw@webnode.com,Female,60.172.112.75
754,Leesa,Dabney,ldabneykx@posterous.com,Female,73.245.86.183
755,Melli,Kryzhov,mkryzhovky@umich.edu,Female,138.185.167.166
756,Thorpe,Pittock,tpittockkz@noaa.gov,Male,79.89.17.82
757,Margarita,Bruineman,mbruinemanl0@fda.gov,Female,194.27.219.146
758,Morton,Scarborough,mscarboroughl1@timesonline.co.uk,Male,62.166.202.52
759,Ignatius,Gaughan,igaughanl2@live.com,Male,113.149.87.90
760,Ronalda,Maddra,rmaddral3@vk.com,Female,50.9.68.242
761,Claudian,Fairnie,cfairniel4@intel.com,Male,81.149.207.160
762,Rebeca,Collin,rcollinl5@forbes.com,Female,152.90.131.7
763,Eadie,Buckwell,ebuckwelll6@bing.com,Genderqueer,233.78.119.229
764,Agata,Ovitz,aovitzl7@cpanel.net,Female,120.23.2.245
765,Ashley,Saltwell,asaltwelll8@photobucket.com,Female,196.233.9.117
766,Harald,Youster,hyousterl9@w3.org,Male,34.86.142.252
767,Charil,Mateu,cmateula@house.gov,Female,227.169.25.232
768,Georges,Dacombe,gdacombelb@is.gd,Male,110.236.173.95
769,Jaclyn,Pashley,jpashleylc@ifeng.com,Female,77.197.160.96
770,Dorisa,Retchless,dretchlessld@forbes.com,Female,209.216.93.102
771,Maud,Rein,mreinle@domainmarket.com,Female,220.66.42.24
772,Marion,Tremonte,mtremontelf@stanford.edu,Male,39.139.250.53
773,Larine,Shapera,lshaperalg@boston.com,Female,62.44.76.132
774,Ardelia,Tunsley,atunsleylh@sphinn.com,Female,251.144.79.62
775,Mireielle,Mollison,mmollisonli@sciencedirect.com,Female,5.176.46.234
776,Ned,Ferandez,nferandezlj@squidoo.com,Male,147.222.182.153
777,Merci,Luparto,mlupartolk@columbia.edu,Female,150.84.168.57
778,Jsandye,Loyndon,jloyndonll@surveymonkey.com,Female,83.176.50.146
779,Teddy,Shevlan,tshevlanlm@gov.uk,Male,73.174.67.19
780,Keri,Dimberline,kdimberlineln@feedburner.com,Female,82.9.93.173
781,Thomasin,Lettington,tlettingtonlo@fda.gov,Female,173.241.152.46
782,Marijo,Beller,mbellerlp@mysql.com,Female,91.144.104.125
783,Madonna,Southgate,msouthgatelq@netscape.com,Female,224.77.163.223
784,Gabbie,Wem,gwemlr@cloudflare.com,Male,85.81.253.104
785,Riannon,Rudgard,rrudgardls@nih.gov,Female,70.126.202.98
786,Crissy,Rodger,crodgerlt@theglobeandmail.com,Genderfluid,178.153.67.202
787,Patrick,Bonham,pbonhamlu@earthlink.net,Male,93.148.89.123
788,Dacy,Glendinning,dglendinninglv@newyorker.com,Female,179.195.130.132
789,Willetta,Broadnicke,wbroadnickelw@comcast.net,Female,65.133.61.174
790,Yvon,Castanyer,ycastanyerlx@cargocollective.com,Male,19.98.238.171
791,Zandra,Snalham,zsnalhamly@theguardian.com,Female,23.28.180.213
792,Danny,Borell,dborelllz@lycos.com,Male,86.229.87.61
793,Connor,Buckam,cbuckamm0@trellian.com,Male,218.34.222.183
794,Merola,Warsap,mwarsapm1@jimdo.com,Female,213.208.199.183
795,Kala,Tribe,ktribem2@hao123.com,Female,188.91.57.207
796,Faber,Pankethman,fpankethmanm3@netlog.com,Male,236.130.77.69
797,Brenn,Habishaw,bhabishawm4@businessweek.com,Female,20.187.24.1
798,Lyndel,Maundrell,lmaundrellm5@studiopress.com,Female,48.32.150.110
799,Silvia,Bruggen,sbruggenm6@icio.us,Female,100.174.23.58
800,Lorry,Lantiff,llantiffm7@canalblog.com,Female,46.205.191.249
801,Arin,Southgate,asouthgatem8@newsvine.com,Male,192.143.130.78
802,Jobyna,Todari,jtodarim9@unicef.org,Female,79.180.126.180
803,Charley,Johanssen,cjohanssenma@hatena.ne.jp,Male,122.216.25.33
804,Sheridan,Swin,sswinmb@livejournal.com,Male,192.102.73.241
805,Magda,Bramble,mbramblemc@disqus.com,Female,109.175.54.227
806,Kellen,McGlone,kmcglonemd@telegraph.co.uk,Male,20.45.217.229
807,Alisun,Everiss,aeverissme@ycombinator.com,Female,12.91.156.107
808,Cynthea,Dear,cdearmf@delicious.com,Female,186.224.78.34
809,Candide,Sieve,csievemg@angelfire.com,Female,89.1.96.177
810,Griffy,Natwick,gnatwickmh@bizjournals.com,Male,65.99.237.118
811,Bree,Fosken,bfoskenmi@hostgator.com,Female,16.119.104.38
812,Buffy,Banfield,bbanfieldmj@psu.edu,Female,238.88.133.225
813,Annie,Tessier,atessiermk@vkontakte.ru,Female,164.192.186.136
814,Harrietta,Ludwig,hludwigml@studiopress.com,Female,168.114.143.246
815,Mirabel,Symers,msymersmm@rediff.com,Female,30.254.33.53
816,Inez,Levy,ilevymn@purevolume.com,Female,199.231.218.147
817,Michelina,Huffy,mhuffymo@360.cn,Female,36.81.186.190
818,Godart,Brandreth,gbrandrethmp@hugedomains.com,Male,95.118.35.137
819,Devora,Dyde,ddydemq@ucoz.com,Female,69.0.111.171
820,Ali,Foord,afoordmr@loc.gov,Female,106.17.43.69
821,Ebeneser,Braidon,ebraidonms@example.com,Male,150.170.2.139
822,Dunc,Oakenfield,doakenfieldmt@jiathis.com,Male,42.212.44.204
823,Fredelia,Bilsborrow,fbilsborrowmu@si.edu,Female,150.136.114.116
824,Dalia,Munnis,dmunnismv@examiner.com,Female,208.73.192.192
825,Skippy,Unsworth,sunsworthmw@marriott.com,Male,28.162.123.156
826,Beltran,McVitie,bmcvitiemx@a8.net,Male,224.191.250.52
827,Joycelin,Cail,jcailmy@oakley.com,Female,241.155.229.72
828,Anthony,Jakov,ajakovmz@wunderground.com,Male,98.57.129.97
829,Madlin,Keune,mkeunen0@miibeian.gov.cn,Female,59.68.124.96
830,Albina,Low,alown1@indiatimes.com,Female,80.44.213.170
831,Tiffi,Grimwade,tgrimwaden2@mediafire.com,Female,122.153.245.187
832,Cecily,Mapowder,cmapowdern3@indiatimes.com,Female,157.20.246.153
833,Sayer,Albury,salburyn4@meetup.com,Genderfluid,65.60.199.135
834,Kiri,Vockins,kvockinsn5@wsj.com,Agender,97.143.55.129
835,Verina,Pedron,vpedronn6@topsy.com,Female,189.74.47.204
836,Brand,Boor,bboorn7@jigsy.com,Male,66.126.252.164
837,Carlotta,Marmyon,cmarmyonn8@gizmodo.com,Female,166.176.21.124
838,Anett,Venditto,avenditton9@princeton.edu,Female,164.190.118.119
839,Odo,Ravilious,oraviliousna@bloglines.com,Male,48.122.238.208
840,Calypso,Bortolozzi,cbortolozzinb@ehow.com,Female,10.43.230.201
841,Kevon,Bucke,kbuckenc@plala.or.jp,Male,195.40.11.165
842,Vonni,Shewon,vshewonnd@wisc.edu,Female,39.51.119.32
843,Sileas,Keysall,skeysallne@nyu.edu,Female,196.164.50.135
844,Willdon,Blood,wbloodnf@dion.ne.jp,Male,198.152.129.188
845,Sybilla,Faloon,sfaloonng@pinterest.com,Female,48.156.163.246
846,Kerrie,Garlinge,kgarlingenh@nsw.gov.au,Female,177.112.121.119
847,Tabbitha,Reckhouse,treckhouseni@printfriendly.com,Female,47.114.199.60
848,Kitty,Dunston,kdunstonnj@globo.com,Agender,171.170.226.212
849,Ingrim,Fison,ifisonnk@vkontakte.ru,Male,72.129.148.200
850,Izabel,Hayer,ihayernl@angelfire.com,Female,226.225.37.172
851,Jonathon,Eltone,jeltonenm@mlb.com,Male,212.121.124.194
852,Gabby,Skepper,gskeppernn@last.fm,Male,0.83.53.255
853,Dore,Rosenberger,drosenbergerno@icq.com,Agender,169.88.166.17
854,Wakefield,Stonman,wstonmannp@illinois.edu,Male,182.71.11.49
855,Palmer,Siene,psienenq@time.com,Male,127.109.16.61
856,Pattie,Filipczynski,pfilipczynskinr@earthlink.net,Female,215.17.25.83
857,Barney,Mutton,bmuttonns@hostgator.com,Male,83.231.141.201
858,Sarine,Obispo,sobispont@symantec.com,Female,219.215.80.125
859,Cristiano,Derrington,cderringtonnu@apache.org,Male,194.193.154.234
860,Clemence,Metheringham,cmetheringhamnv@google.com,Female,0.76.144.181
861,Jack,Leale,jlealenw@virginia.edu,Male,174.28.119.98
862,Aurlie,Huggard,ahuggardnx@t-online.de,Agender,126.255.178.53
863,Lou,Wynter,lwynterny@reuters.com,Female,246.40.5.203
864,Bliss,Janus,bjanusnz@biglobe.ne.jp,Female,91.132.9.81
865,Byrann,Flagg,bflaggo0@usda.gov,Male,56.209.137.39
866,Hy,Slocumb,hslocumbo1@vkontakte.ru,Male,130.41.185.163
867,Dom,Kanter,dkantero2@admin.ch,Male,205.239.164.193
868,Desirae,Lackner,dlacknero3@quantcast.com,Female,223.40.145.126
869,Noami,Vise,nviseo4@answers.com,Female,246.181.47.234
870,Max,Supple,msuppleo5@eepurl.com,Male,221.42.255.171
871,Zara,Tavener,ztavenero6@oakley.com,Female,70.79.22.58
872,Carolann,MacAiline,cmacailineo7@eepurl.com,Female,241.99.109.210
873,Charlton,Hovell,chovello8@aboutads.info,Male,15.190.0.207
874,Emelina,Vigars,evigarso9@reference.com,Female,250.72.25.206
875,Judd,de Cullip,jdecullipoa@ehow.com,Male,175.27.196.10
876,Vivianne,Airds,vairdsob@booking.com,Female,25.115.147.114
877,Bowie,Reames,breamesoc@skyrock.com,Male,230.154.246.26
878,Hanan,Limbrick,hlimbrickod@infoseek.co.jp,Male,196.75.245.190
879,Allayne,Shekle,ashekleoe@cmu.edu,Male,121.101.48.198
880,Neal,Langfitt,nlangfittof@dedecms.com,Genderfluid,74.50.154.7
881,Forrest,Piele,fpieleog@engadget.com,Male,150.220.251.30
882,Andie,Frohock,afrohockoh@cnbc.com,Female,223.168.209.43
883,Cindra,Duesbury,cduesburyoi@ustream.tv,Female,123.67.155.77
884,Cristie,Costley,ccostleyoj@linkedin.com,Female,73.170.87.93
885,Putnam,Spatig,pspatigok@delicious.com,Male,247.197.235.220
886,Barde,Sainsbury,bsainsburyol@geocities.jp,Male,238.31.153.150
887,Base,Gilford,bgilfordom@dyndns.org,Male,103.2.24.173
888,Ches,Codd,ccoddon@canalblog.com,Male,148.200.230.1
889,Rozamond,Strudwick,rstrudwickoo@google.com,Female,229.227.36.138
890,Bennett,Belk,bbelkop@kickstarter.com,Male,36.47.208.160
891,Reinwald,Baison,rbaisonoq@taobao.com,Male,56.226.0.172
892,Mendie,Casement,mcasementor@pen.io,Male,80.171.178.226
893,Nissa,Clinch,nclinchos@ezinearticles.com,Female,156.149.164.229
894,Bibbie,Couvert,bcouvertot@hexun.com,Female,217.102.63.132
895,Quent,Coleford,qcolefordou@disqus.com,Male,190.100.242.127
896,Cass,Bollins,cbollinsov@engadget.com,Male,182.91.133.242
897,Katleen,McArte,kmcarteow@flickr.com,Female,230.236.247.99
898,Trumann,Granville,tgranvilleox@smh.com.au,Male,164.117.6.69
899,Powell,Riep,priepoy@shutterfly.com,Male,176.194.206.121
900,Jorie,McFarlan,jmcfarlanoz@cocolog-nifty.com,Female,180.106.82.74
901,Nydia,Gunnell,ngunnellp0@hud.gov,Female,17.218.110.83
902,Yank,Rochester,yrochesterp1@cdc.gov,Male,108.158.174.207
903,Fleur,Olenin,foleninp2@sitemeter.com,Female,213.73.51.54
904,Mac,Beeken,mbeekenp3@storify.com,Male,62.140.195.62
905,Randie,Rennocks,rrennocksp4@woothemes.com,Non-binary,171.106.206.216
906,Glenine,Heasman,gheasmanp5@ovh.net,Female,78.94.114.228
907,Henrieta,Arrigucci,harriguccip6@mysql.com,Female,66.111.128.13
908,Friederike,Keaveney,fkeaveneyp7@comcast.net,Female,41.244.39.253
909,Aurelie,Henfre,ahenfrep8@arstechnica.com,Female,243.40.32.108
910,Kristel,Moulds,kmouldsp9@geocities.jp,Female,144.58.204.131
911,Elvera,Trynor,etrynorpa@virginia.edu,Female,224.5.5.212
912,Neal,Fidgett,nfidgettpb@blinklist.com,Male,185.118.129.152
913,Bonny,Juarez,bjuarezpc@ocn.ne.jp,Female,62.113.169.41
914,Mozelle,Garralts,mgarraltspd@mapquest.com,Female,50.77.161.158
915,Kanya,Ianilli,kianillipe@xinhuanet.com,Polygender,240.205.238.37
916,Leland,Foskew,lfoskewpf@mit.edu,Male,231.137.114.44
917,Mathilde,De Domenicis,mdedomenicispg@zimbio.com,Female,250.217.170.29
918,Jeffrey,Birley,jbirleyph@yale.edu,Male,85.51.206.187
919,Elenore,Illyes,eillyespi@unicef.org,Female,11.83.186.47
920,Hermy,Berringer,hberringerpj@lulu.com,Male,129.190.150.20
921,Myriam,Gonnet,mgonnetpk@virginia.edu,Female,173.244.134.69
922,Valenka,Pettendrich,vpettendrichpl@forbes.com,Female,154.172.9.82
923,Kimberlee,MacKowle,kmackowlepm@forbes.com,Female,62.147.182.13
924,Marney,Stanex,mstanexpn@mashable.com,Female,159.212.163.31
925,Auberon,Flewin,aflewinpo@harvard.edu,Male,79.143.112.195
926,Amabel,Bruhnsen,abruhnsenpp@psu.edu,Female,196.207.137.200
927,Ermentrude,Twittey,etwitteypq@tinyurl.com,Female,70.25.147.209
928,Allis,Ousley,aousleypr@abc.net.au,Female,174.207.61.60
929,Ferdie,Blackhurst,fblackhurstps@cornell.edu,Male,4.223.43.86
930,Georgie,Hallick,ghallickpt@marketwatch.com,Male,172.203.86.210
931,Frederico,Stonuary,fstonuarypu@netscape.com,Male,53.72.230.16
932,Gabriela,Gallone,ggallonepv@cisco.com,Female,93.183.255.162
933,Toby,Goulstone,tgoulstonepw@gmpg.org,Male,130.171.42.54
934,Daloris,Carabet,dcarabetpx@nhs.uk,Female,248.14.126.170
935,May,Tiller,mtillerpy@army.mil,Female,30.231.80.58
936,Jethro,Olpin,jolpinpz@chronoengine.com,Male,158.254.128.139
937,Dillon,Bentham,dbenthamq0@usnews.com,Male,66.243.150.117
938,Michaeline,Powys,mpowysq1@stanford.edu,Female,79.193.119.112
939,Anatol,Davidovitch,adavidovitchq2@elegantthemes.com,Male,140.118.47.90
940,Bambi,Loughney,bloughneyq3@163.com,Female,127.26.35.77
941,Allie,Ledington,aledingtonq4@fc2.com,Male,229.0.29.80
942,Albrecht,Doige,adoigeq5@hhs.gov,Male,195.5.124.121
943,Syd,Dennehy,sdennehyq6@wix.com,Male,206.203.64.221
944,Ferdy,Tomasek,ftomasekq7@npr.org,Male,62.3.125.61
945,Hakim,Gurney,hgurneyq8@sphinn.com,Male,92.94.191.178
946,Matthieu,Kausche,mkauscheq9@cnn.com,Male,228.102.205.140
947,Hale,Moffet,hmoffetqa@printfriendly.com,Male,84.94.175.79
948,Odelinda,Hullyer,ohullyerqb@amazon.co.jp,Female,202.139.126.251
949,Sanson,Illingworth,sillingworthqc@vistaprint.com,Male,62.208.109.223
950,Roberta,Kleinplatz,rkleinplatzqd@netlog.com,Female,41.129.36.108
951,Nat,Livingstone,nlivingstoneqe@sourceforge.net,Female,244.161.77.58
952,Sibella,Sainz,ssainzqf@ftc.gov,Female,14.55.160.27
953,Eduard,Shivell,eshivellqg@hexun.com,Male,9.125.183.104
954,Adriena,Balaison,abalaisonqh@rakuten.co.jp,Female,18.238.215.213
955,Elena,Viant,eviantqi@fastcompany.com,Female,247.203.162.123
956,Ignacio,Fuggles,ifugglesqj@google.com.hk,Male,77.19.143.69
957,Elysee,Simakov,esimakovqk@springer.com,Genderfluid,3.45.243.39
958,Adaline,Palser,apalserql@free.fr,Female,61.14.122.111
959,Naoma,Tomczynski,ntomczynskiqm@technorati.com,Non-binary,76.15.8.119
960,Amery,Grabham,agrabhamqn@google.ru,Male,221.132.250.210
961,Yorgo,Cogan,ycoganqo@timesonline.co.uk,Male,218.130.139.39
962,Art,Gratland,agratlandqp@4shared.com,Male,81.167.47.132
963,Tracee,Gibby,tgibbyqq@omniture.com,Female,48.166.95.0
964,Mahmoud,Bonsey,mbonseyqr@wsj.com,Male,14.246.121.58
965,Jerry,Stanlike,jstanlikeqs@paypal.com,Male,206.143.93.144
966,Onida,Dimmne,odimmneqt@seesaa.net,Female,141.169.131.12
967,Berte,Krikorian,bkrikorianqu@imdb.com,Female,226.238.131.63
968,Abba,Swindells,aswindellsqv@about.com,Male,248.188.106.105
969,Stephie,Hafford,shaffordqw@nationalgeographic.com,Female,60.53.161.73
970,Paulette,Clery,pcleryqx@harvard.edu,Female,226.64.158.236
971,Amii,Caesmans,acaesmansqy@goo.ne.jp,Non-binary,3.71.98.109
972,Gustavo,Le Barr,glebarrqz@umn.edu,Male,176.27.27.66
973,Mead,Hurkett,mhurkettr0@businesswire.com,Male,243.37.148.149
974,Darius,Jirsa,djirsar1@nytimes.com,Male,232.77.211.182
975,Maurizia,Baudou,mbaudour2@over-blog.com,Female,208.197.214.131
976,Kin,Huttley,khuttleyr3@t-online.de,Male,169.123.222.199
977,Emmit,Fookes,efookesr4@barnesandnoble.com,Male,208.53.17.6
978,Jennifer,Pounder,jpounderr5@smh.com.au,Female,177.68.43.161
979,Anders,Pennone,apennoner6@friendfeed.com,Male,38.67.47.62
980,Latrena,Bartholomieu,lbartholomieur7@homestead.com,Female,78.245.255.167
981,Lottie,Doughton,ldoughtonr8@psu.edu,Female,84.117.254.41
982,Pail,Rennolds,prennoldsr9@vk.com,Male,40.173.109.94
983,Camella,Ensor,censorra@opera.com,Female,0.23.86.37
984,Hilda,Alvaro,halvarorb@cornell.edu,Female,230.65.231.220
985,Veda,Frensche,vfrenscherc@prnewswire.com,Female,225.191.73.254
986,Elke,Huskisson,ehuskissonrd@webeden.co.uk,Female,172.230.180.108
987,Miner,Winn,mwinnre@accuweather.com,Male,171.255.138.135
988,Seka,Cornilli,scornillirf@hexun.com,Female,49.233.211.94
989,Kelvin,de Aguirre,kdeaguirrerg@phpbb.com,Male,249.46.95.32
990,Greg,Heineken,gheinekenrh@privacy.gov.au,Genderqueer,77.128.70.215
991,Grace,Farnham,gfarnhamri@printfriendly.com,Agender,255.135.207.219
992,Ardelia,Fairlem,afairlemrj@geocities.com,Female,212.142.232.106
993,Blondelle,Claiton,bclaitonrk@delicious.com,Female,29.51.154.150
994,Layne,McGarahan,lmcgarahanrl@alibaba.com,Female,41.179.145.175
995,Rinaldo,Eaton,reatonrm@symantec.com,Male,247.2.162.148
996,Emmerich,Jumel,ejumelrn@unesco.org,Male,91.181.75.142
997,Arel,Brizland,abrizlandro@smugmug.com,Male,153.138.211.124
998,Alvera,Chismon,achismonrp@wikimedia.org,Genderqueer,78.158.196.81
999,Bruno,Farriar,bfarriarrq@eventbrite.com,Male,126.230.44.235
1000,Noami,Klimus,nklimusrr@ted.com,Female,230.205.18.46